SkyTG24,AlessiaCurcio10
SkyTG24,RobertaBarbano
SkyTG24,g1220m
SkyTG24,ocram52464849
SkyTG24,elecasotto
SkyTG24,lola_luc0
SkyTG24,Kamillus8
SkyTG24,VincenzoMIANO3
SkyTG24,vinc97401987
SkyTG24,enri58321260
SkyTG24,GianmatteoMar
SkyTG24,62gio621
SkyTG24,SergioLauria1
SkyTG24,CheBel2020_
SkyTG24,vincenzo_coppa
SkyTG24,taglioni_andrea
SkyTG24,Mariant52338401
SkyTG24,antonellosciac1
SkyTG24,Christi27389068
SkyTG24,Alduzzo861
SkyTG24,Yassin95801970
SkyTG24,Michele28125106
SkyTG24,VCastorri
SkyTG24,Lore_cusa
SkyTG24,AndreFiore10
SkyTG24,stefani39098391
SkyTG24,gigliotigrato2
SkyTG24,Alessia48738930
SkyTG24,babadrip1
SkyTG24,Lavinia09115567
SkyTG24,6Gio62
SkyTG24,MartinaColabia1
SkyTG24,Piera38902000
SkyTG24,danilo_silvia3
SkyTG24,SaboTag36202802
SkyTG24,spoxiasantu
SkyTG24,MatteoSalax
SkyTG24,TrigliaGiuseppe
SkyTG24,Matteo84138035
SkyTG24,Federic41176073
SkyTG24,Ilaria41341571
SkyTG24,Giusepp32715165
SkyTG24,antonia68852700
SkyTG24,Alice76799209
SkyTG24,CosimoFald
SkyTG24,Catiabe3
SkyTG24,Rocco42062147
SkyTG24,Daniela27981778
SkyTG24,Cesare80100419
SkyTG24,Debby35545188
SkyTG24,DanielePolimeni
SkyTG24,Naaadiiieee1
SkyTG24,domlomb65
SkyTG24,GennaroSaiano
SkyTG24,Gina24928116
SkyTG24,michela56509977
SkyTG24,VMalpy
SkyTG24,Frances19019164
SkyTG24,LucaMalosio
SkyTG24,Mario43195451
SkyTG24,norbert52816312
SkyTG24,Emily69189338
SkyTG24,Emanuel51239328
SkyTG24,Alex79122368
SkyTG24,DanielaMazzagl1
SkyTG24,Massimo42032315
SkyTG24,Jacopo17934294
SkyTG24,Jenny81404572
SkyTG24,Leonard12443733
SkyTG24,HENEAPRODUCTIO1
SkyTG24,framalule
SkyTG24,Giusepp03625926
SkyTG24,Gaia43113829
SkyTG24,SalvatoreCofon3
SkyTG24,AvilaAndrea12
SkyTG24,Frances51320813
SkyTG24,mariodiamante48
SkyTG24,Frances71305828
SkyTG24,Maryann64983838
SkyTG24,Adriano66932758
SkyTG24,Alice34853972
SkyTG24,ilcarteggio
SkyTG24,RobertaCastion1
SkyTG24,calmpiatta83
SkyTG24,Frances47387646
SkyTG24,SapienzaJeremy
SkyTG24,defth_
SkyTG24,becktones
SkyTG24,un_pensieri
SkyTG24,Fabione26498111
SkyTG24,CapitaniMirella
SkyTG24,ZzaLaZza1
SkyTG24,t3r1l0
SkyTG24,LucaStecko
SkyTG24,Rebecca28540964
SkyTG24,Ziomauri5
SkyTG24,Enry04657908
SkyTG24,SimoneSeminara1
SkyTG24,MagaraMatteo
SkyTG24,diamantemarzot1
SkyTG24,MattiaDM2
SkyTG24,PaoloPalladin11
SkyTG24,xela92581336
SkyTG24,KatieMa09665765
SkyTG24,Emmanue67802080
SkyTG24,Iolanda23914155
SkyTG24,GianfrancoVene3
SkyTG24,MarcoRuello2
SkyTG24,borelli_marta
SkyTG24,Valenti15546347
SkyTG24,Fringuello741
SkyTG24,pharmacida
SkyTG24,pappareale74
SkyTG24,jana7787967657
SkyTG24,Antonie55441106
SkyTG24,VirginiaMarcac1
SkyTG24,MazzoliFranco
g1220m,Sarita_57626
g1220m,John_Sylva
g1220m,trfficmcbo2020
g1220m,campocafeciudad
g1220m,djtelloy
g1220m,joseabelcegarra
g1220m,granja_eco
g1220m,quesosV
g1220m,ComValidaSC
g1220m,UsecheC
g1220m,Linach19
g1220m,nelsoncure
g1220m,labcala
g1220m,NEORAM27
g1220m,vhpp23
g1220m,alexisaguirre72
g1220m,CarlosG78511745
g1220m,vivian24_
g1220m,carocarb05
taglioni_andrea,DinaMoscianese
taglioni_andrea,angelobusani
taglioni_andrea,giannitrovati
taglioni_andrea,Antonio79B
taglioni_andrea,GiuseppeLatour
taglioni_andrea,caprino_m
taglioni_andrea,Kopetta81
MazzoliFranco,Christi33565666
MazzoliFranco,tennis_michi
MazzoliFranco,CristinaAntonu
MazzoliFranco,_TeriGroves
MazzoliFranco,jarradrizners
MazzoliFranco,GuyYarrell
MazzoliFranco,Christi52597839
MazzoliFranco,BurghClarine
MazzoliFranco,TimVanHengel
MazzoliFranco,Michell76380427
MazzoliFranco,SalliClavelle
MazzoliFranco,Yasmine52847494
MazzoliFranco,Mitchel12629759
MazzoliFranco,Vanesa_19064
MazzoliFranco,JHONDEYBERLEMUS
MazzoliFranco,NATNAELTESFATS1
MazzoliFranco,AFMCycling
MazzoliFranco,LucaSaugo
MazzoliFranco,OuroKm
