SkyTG24,Maria71297359
SkyTG24,Daniele54457592
SkyTG24,uptrvst
SkyTG24,MartinaFormisa8
SkyTG24,GiuseppeMarsan1
SkyTG24,Wilhelm78384355
SkyTG24,FrancescaBale14
SkyTG24,GiuliaIotti2
SkyTG24,lucreziablasi14
SkyTG24,docgaetano
SkyTG24,Giorgi_jojo
SkyTG24,IlariaSardo1
SkyTG24,SofyGiuly1
SkyTG24,PelluSophie
SkyTG24,ShivKum43202609
SkyTG24,Fabiocenation
SkyTG24,daisy19962604
SkyTG24,DonatellaGiord5
SkyTG24,Davide05967103
SkyTG24,HarinderKKhalsa
SkyTG24,GianfrancoMira4
SkyTG24,Kg19863579
SkyTG24,BrunoGianMattia
SkyTG24,andrea27032634
SkyTG24,Incoron08026801
SkyTG24,PKactus
SkyTG24,DionigiSoda86
SkyTG24,Pietro780053074
SkyTG24,alehimself_
SkyTG24,Alefab721
SkyTG24,davide__mini
SkyTG24,Anthony96_
SkyTG24,AntoniniGreta
SkyTG24,Aronne10473750
SkyTG24,raiola_lisa
SkyTG24,gabcostiniti
SkyTG24,Stefano78978502
SkyTG24,DavideGross17
SkyTG24,raff_federico91
SkyTG24,MauriliaVillos3
SkyTG24,maria08110352
SkyTG24,arianna_puddu
SkyTG24,Alessan28833633
SkyTG24,salvatorealtav1
SkyTG24,LuciferoRosso
SkyTG24,Alessan34799982
SkyTG24,PioMicheledeVi1
SkyTG24,sheldon32502976
SkyTG24,BarbaraPelizza3
SkyTG24,Vincenz02923233
SkyTG24,mariate91589464
SkyTG24,Emanuel87356008
SkyTG24,IngalaGabriele
SkyTG24,TarekHa12388402
SkyTG24,CiroMatichecch1
SkyTG24,menghi_anna
SkyTG24,FanoFerraro
SkyTG24,ElumanS
SkyTG24,IlarioBelli
SkyTG24,bookys
SkyTG24,Gurvind93717037
SkyTG24,Rosanna30415441
SkyTG24,MonicaMorri2
SkyTG24,Stepep2
SkyTG24,RobertoGaleott3
SkyTG24,Erick86901228
SkyTG24,bnd2003
SkyTG24,Frances71502203
SkyTG24,dudublanche
SkyTG24,C90Linda
SkyTG24,PennarolaEnrico
SkyTG24,Maffix96
SkyTG24,ClaudioCava2
SkyTG24,Camilla0019
SkyTG24,PizzolatoMila
SkyTG24,ivograglia19782
SkyTG24,Matteo99959413
SkyTG24,akenatoth
SkyTG24,manuelghe30
SkyTG24,Ludovivica1
SkyTG24,DelunePleine
SkyTG24,maddale49826822
SkyTG24,Parmjit72624218
SkyTG24,PrismaVodafone
SkyTG24,MattiaLancello3
SkyTG24,bernardinotucc1
SkyTG24,Kadija00520998
SkyTG24,slevin279
SkyTG24,Miryam24445613
SkyTG24,tittiarch
SkyTG24,LorettaBrunetti
SkyTG24,Maria78859828
SkyTG24,lorenzosky4
SkyTG24,AryBerna
SkyTG24,Edox25057802
SkyTG24,FraPaoli17
SkyTG24,CristianCimmin2
SkyTG24,ettorina9
SkyTG24,RatheVannessa
SkyTG24,Giunto_
SkyTG24,Maria97712935
SkyTG24,dettoSaba
SkyTG24,MarinaSapere
SkyTG24,BoschiniSandro
SkyTG24,GCollareta
SkyTG24,SimonaSpina4
SkyTG24,Anna69425389
SkyTG24,Niccol03851769
SkyTG24,Emanuel41599929
SkyTG24,Michele91218743
SkyTG24,TCocktailbar
SkyTG24,boni_donatella
SkyTG24,CaterinaLaPort1
SkyTG24,Amanpre76848892
SkyTG24,ggiuliet2
SkyTG24,AlbyMattiuzz
SkyTG24,DavideMatrullo
SkyTG24,ChiaraFagnoni
SkyTG24,AngeloB77800815
SkyTG24,EvaSione9
SkyTG24,Paolo15239475
SkyTG24,AtaruMorobosh19
SkyTG24,Alessan62897999
SkyTG24,AndreaDiPasqu11
SkyTG24,GianniPitassi
SkyTG24,gustodelcaffe
SkyTG24,Eliza21523414
SkyTG24,ValrieDELCOURT3
SkyTG24,CSava06
SkyTG24,Themoon35431580
SkyTG24,steabu04
SkyTG24,aryan52361632
SkyTG24,Lorenzo13538615
SkyTG24,mars66788759
SkyTG24,LovePeaksIT
SkyTG24,PietroAngelo18
SkyTG24,7007Rosablu
SkyTG24,sofia85904366
SkyTG24,Silvia25143423
SkyTG24,Bonfante14
SkyTG24,Federic35093185
SkyTG24,Aldo76598599
SkyTG24,Carmine33050699
SkyTG24,Mary79338453
SkyTG24,BobovaMariana11
SkyTG24,SEBASTIANOSALP1
SkyTG24,veromarelli_
SkyTG24,Raf30323435
SkyTG24,NicoFacco
SkyTG24,Matteo99785482
SkyTG24,MarioPa52388967
SkyTG24,Kuraito10
SkyTG24,RaffaeleLaGioi2
SkyTG24,TurattiConsult1
SkyTG24,SimoRossi12
SkyTG24,gioiedemauro
SkyTG24,Marcell96673300
SkyTG24,Luca36891437
SkyTG24,Isabell90372400
SkyTG24,EugenVilcea
SkyTG24,FrascariM
SkyTG24,ilqualunquista2
SkyTG24,Domenic05308254
SkyTG24,FGusmeri
SkyTG24,CamillaCaligari
SkyTG24,FrancescaaReali
SkyTG24,neonovembre
SkyTG24,amiocugino
SkyTG24,Sergiuz19
SkyTG24,EgleLiberto
SkyTG24,bergamin_lisa
SkyTG24,PRicciutelli
SkyTG24,FortunatiSara
SkyTG24,Giusepp78784575
SkyTG24,BenedettaCioffi
SkyTG24,Jessica_B06
SkyTG24,GiacomoPatti
SkyTG24,AlessandroCutu2
SkyTG24,FedericoVitell4
SkyTG24,IlbuonR
SkyTG24,Johan97511817
SkyTG24,marta_vit
SkyTG24,alessialorusso0
SkyTG24,DiciamoE
SkyTG24,BuonafedeAndrea
SkyTG24,SimoneIzzo11
SkyTG24,momofarihy
SkyTG24,Jeyrobi
SkyTG24,FedericoBorto12
SkyTG24,Vlr131
SkyTG24,londonmums
HarinderKKhalsa,Nicole_59131
HarinderKKhalsa,UoItalian
HarinderKKhalsa,PicPublic
HarinderKKhalsa,uoUROP
HarinderKKhalsa,UOSciLit
HarinderKKhalsa,HoraceMann
HarinderKKhalsa,IntrepidHistory
HarinderKKhalsa,UOSciDivDean
HarinderKKhalsa,davidwacks
HarinderKKhalsa,CAScholars
HarinderKKhalsa,ReadingRelated
HarinderKKhalsa,manuel_larsen
HarinderKKhalsa,SOJCAdvising
HarinderKKhalsa,stevenMa777
HarinderKKhalsa,SpanishEssay
HarinderKKhalsa,UOIntlAdmission
HarinderKKhalsa,LingroLearning
HarinderKKhalsa,jmsykes
HarinderKKhalsa,VielleVideos
HarinderKKhalsa,MUSICFESTNW
HarinderKKhalsa,gusleonard
HarinderKKhalsa,agodfred6651
HarinderKKhalsa,Johnny_skani
HarinderKKhalsa,harinderstweets
HarinderKKhalsa,Momo16giantfan
HarinderKKhalsa,_ashleyygrayy
HarinderKKhalsa,UOGerScan
HarinderKKhalsa,OrdersOolongBar
HarinderKKhalsa,uocas
HarinderKKhalsa,MenghuaYe
HarinderKKhalsa,Seanwanguo
HarinderKKhalsa,libikavanah
HarinderKKhalsa,neginapirzad
HarinderKKhalsa,UOregonFinAid
HarinderKKhalsa,JeffMagoto
HarinderKKhalsa,AvantAssessment
UoItalian,UppalGuppy
UoItalian,KapadiaReaiah
UoItalian,morganlewis011
UoItalian,clarahhollow
UoItalian,Kaitlyn52193956
UoItalian,uoregon
UoItalian,harinder_uo
UoItalian,BurkeLauryn
UoItalian,autumantoinette
UoItalian,SOJCCareers
UoItalian,WeirAly
UoItalian,FabianoKarmella
UoItalian,JordynOka
UoItalian,_catswel
UoItalian,alexuss67517377
UoItalian,jollyman691
UoItalian,LiamVlaco
UoItalian,max73133326
UoItalian,madmcdonald03
davidwacks,eloliverio
davidwacks,Randy_Schiff
davidwacks,Bonnacon555
davidwacks,_theBrownprint_
davidwacks,voidmstr
davidwacks,ana_strl
davidwacks,SteidleWave
davidwacks,otoguena
davidwacks,hattie_soper
davidwacks,MichalFriedman7
davidwacks,MagdalenaAlta12
davidwacks,Lit_as_Adab
davidwacks,LOLAAND76532442
davidwacks,cdsinclair
davidwacks,quiqueliquique
davidwacks,_edinh
davidwacks,BatsInLavender
davidwacks,NunoTwitting
davidwacks,JesenniaR
CAScholars,davencash
CAScholars,CommonUo
CAScholars,clairenwarner
CAScholars,hudsonstudenttu
CAScholars,euNelsonJohnny
CAScholars,uolibraries
CAScholars,aGySHhWA4nP8YYz
CAScholars,KerkebaneNeila
CAScholars,DenekasJenni
CAScholars,JohnBarrentine8
CAScholars,SOJCCareers
CAScholars,BethF1979
CAScholars,PhilFisher99
CAScholars,STApxp
CAScholars,DJTinNJ
CAScholars,PGP_Lane
CAScholars,UO_Research
CAScholars,estelleLberger
CAScholars,ec_prism
SOJCAdvising,nmercedesvilla5
SOJCAdvising,kenzymarie33
SOJCAdvising,_TEXAAN
SOJCAdvising,PhiiNgWPP
SOJCAdvising,marcustakefive
SOJCAdvising,Kelbybeyer
SOJCAdvising,BC9bQSBkdZVWLef
SOJCAdvising,KatrinaPNW
SOJCAdvising,PatrickAebi1
SOJCAdvising,onalisa__hall
SOJCAdvising,mckennajordannn
SOJCAdvising,TooleyErin
SOJCAdvising,tweetmytweeter4
SOJCAdvising,lizzzie505
SOJCAdvising,Carmell92673695
SOJCAdvising,teamsterjd
SOJCAdvising,jayy_lyyn
SOJCAdvising,uonabj
SOJCAdvising,ericdamienspam
Momo16giantfan,SayHeyDoug
Momo16giantfan,SteveWeston_52
Momo16giantfan,PhilipSpires87
Momo16giantfan,ninersyoubitch
Momo16giantfan,brinks1254
Momo16giantfan,Jace1427
Momo16giantfan,HellaADZ_
Momo16giantfan,GGaropp
Momo16giantfan,ericaLovesSF
Momo16giantfan,Kittle4949
Momo16giantfan,redngoldqueen
Momo16giantfan,qu67593726
Momo16giantfan,godzelliee
Momo16giantfan,nelsonice
Momo16giantfan,oocknk
Momo16giantfan,Tsushima_Niner
Momo16giantfan,AmanSheena
Momo16giantfan,DenimDungeon
Momo16giantfan,calihats
_ashleyygrayy,Arif40003840
_ashleyygrayy,josieezabala
_ashleyygrayy,pxvib
_ashleyygrayy,mollyy_mayyy
_ashleyygrayy,elenazilar
_ashleyygrayy,LifeOfEdgar
_ashleyygrayy,yearningky
_ashleyygrayy,23jordyn23
_ashleyygrayy,AlexKenMiller1
_ashleyygrayy,austintrotter99
_ashleyygrayy,Aaron_InOr
_ashleyygrayy,ATMurray15
_ashleyygrayy,KayKosmos
_ashleyygrayy,makooola
_ashleyygrayy,anallely_20
_ashleyygrayy,UOAlumni
_ashleyygrayy,YaGirlAbbyK
_ashleyygrayy,rel_rigwood
_ashleyygrayy,ckissling_11
uocas,ThomasJBurns3
uocas,nmercedesvilla5
uocas,CommonUo
uocas,petrelharp
uocas,uoadse
uocas,TakingUpSpaceUo
uocas,lbiblue
uocas,DenekasJenni
uocas,Hjsmom2001Peggy
uocas,LyddaLopezV
uocas,guurg23
uocas,RayT46001179
uocas,VibeCalledQuest
uocas,yuli4garcia
uocas,fabriziokev
uocas,uonabj
uocas,UOBiology
uocas,JessieUehling
uocas,eltesoro9
AvantAssessment,rebecca_margot
AvantAssessment,FaloticoSharon
AvantAssessment,TingFL15
AvantAssessment,chuckverhey
AvantAssessment,MEstupinian
AvantAssessment,JulianaQian
AvantAssessment,FrancescoPagano
AvantAssessment,moeholbrook
AvantAssessment,katrina45984030
AvantAssessment,allismla
AvantAssessment,Celia_86538
AvantAssessment,JtTutoring
AvantAssessment,TeacherFonsoDTN
AvantAssessment,MayGeor63226381
AvantAssessment,HablemosGA
AvantAssessment,Lindsers83
AvantAssessment,UralicC
AvantAssessment,bsdunity
AvantAssessment,OlatheWl
LuciferoRosso,Leonor_70931
LuciferoRosso,luigi_liso
LuciferoRosso,DelCantoNicola
LuciferoRosso,LucaRossi369
LuciferoRosso,RussoMarco14
LuciferoRosso,EmilioPatacchi1
LuciferoRosso,voxmiri
LuciferoRosso,exueinsof
LuciferoRosso,vgrillai
LuciferoRosso,SantinoPaciotti
LuciferoRosso,LeoPeschiera
LuciferoRosso,LuigiSaccenti
LuciferoRosso,Erostrato
LuciferoRosso,TBigattin
LuciferoRosso,crypalma
LucaRossi369,camypravettoni
LucaRossi369,MyWalkingDog_it
LucaRossi369,how2Bmario
LucaRossi369,_futrica
LucaRossi369,GrandeF22031352
LucaRossi369,ultimiribelli1
LucaRossi369,claudio_cicogni
LucaRossi369,marcotelecono
LucaRossi369,Andrerome10
LucaRossi369,Harley_outcall
LucaRossi369,1_rewards
LucaRossi369,enzapaolalove
LucaRossi369,Fester761
LucaRossi369,lauo02390862
LucaRossi369,stefanoblind
LucaRossi369,sultanm27689791
LucaRossi369,7a973935f29a47b
LucaRossi369,AlfredBirney
LucaRossi369,EulaliaT6
Erostrato,sulvelluto
Erostrato,LifeWatchIT
Erostrato,MarcoBettinor
Erostrato,Alessan71092498
Erostrato,taiwanspotligh
Erostrato,Marc_Carrisi
Erostrato,DigiTInst
Erostrato,mena60
Erostrato,DataAdviser
Erostrato,JDebarosse
Erostrato,lerocchi
Erostrato,CTLweb
Erostrato,SkyeBancCJ1997
Erostrato,VIKGIULIANO
Erostrato,teresabagnoli
Erostrato,AnimalSummit
Erostrato,alibionlineit
Erostrato,giacomo_cav
Erostrato,flaviozanonato
Stepep2,LucaRossi369
LucaRossi369,camypravettoni
LucaRossi369,MyWalkingDog_it
LucaRossi369,how2Bmario
LucaRossi369,_futrica
LucaRossi369,GrandeF22031352
LucaRossi369,ultimiribelli1
LucaRossi369,claudio_cicogni
LucaRossi369,marcotelecono
LucaRossi369,Andrerome10
LucaRossi369,Harley_outcall
LucaRossi369,1_rewards
LucaRossi369,enzapaolalove
LucaRossi369,Fester761
LucaRossi369,lauo02390862
LucaRossi369,stefanoblind
LucaRossi369,sultanm27689791
LucaRossi369,7a973935f29a47b
LucaRossi369,AlfredBirney
LucaRossi369,EulaliaT6
akenatoth,auto_sucess
akenatoth,Twittaia1
akenatoth,Anthony_lisa_1
akenatoth,Barbara86764611
akenatoth,EleonoraZocca
akenatoth,edenburning
akenatoth,ESO_Italy
akenatoth,FabManuelMulas
akenatoth,lachlanhorne
akenatoth,XBikeNL
akenatoth,al_arthofer
akenatoth,bandarfize700
akenatoth,KatDevlon
akenatoth,banter_peter
akenatoth,AdrianoBattega2
akenatoth,GisGilbert
akenatoth,AleksandraEln
akenatoth,LorenzoLamperti
akenatoth,Arturo_Governa
auto_sucess,KenpaciT
auto_sucess,FaithMorley10
auto_sucess,1_1Willow1_1
auto_sucess,pierrebourne11
auto_sucess,business_hacks_
auto_sucess,FMvasco
auto_sucess,AliHowsawi
auto_sucess,hundredds1
auto_sucess,Dgifted_jd
auto_sucess,renedelapuente
auto_sucess,king_jorges
auto_sucess,Daggie_M
auto_sucess,martinmacheda
auto_sucess,MillieS54223168
auto_sucess,juanze26
auto_sucess,floresjavieer
auto_sucess,LachoSep
auto_sucess,TorrealCielo
auto_sucess,Humphreys_Sons
Twittaia1,nerigiulio1
Twittaia1,smilypapiking
Twittaia1,perdutestrade
Twittaia1,Seba4Liberty
Twittaia1,ilprovinciale
Twittaia1,ilciambello
Twittaia1,GIOVANNISETTAN1
Twittaia1,Alessan80105279
Twittaia1,FMenegalli
Twittaia1,grafentimo
Twittaia1,akenatoth
Twittaia1,Killua273
Twittaia1,ciassette
Twittaia1,pierangelo78
Twittaia1,Roby48339128
Twittaia1,fabriziomarocco
Twittaia1,beniami90873841
Twittaia1,stenofrago
Twittaia1,Alessan25919709
Anthony_lisa_1,AbbyYasi
Anthony_lisa_1,AndreaM24351467
Anthony_lisa_1,iyhaam1
Anthony_lisa_1,Dherrera57
Anthony_lisa_1,Alexand16843275
Anthony_lisa_1,cristia00115438
Anthony_lisa_1,WrestlingHighl3
Anthony_lisa_1,InfinityUr
Anthony_lisa_1,FX_ARB
Anthony_lisa_1,MubarakMobolaj2
Anthony_lisa_1,gbadamosi_ade
Anthony_lisa_1,KaosaraMohammed
Anthony_lisa_1,Empress_t1
Anthony_lisa_1,HermesAlvin
Anthony_lisa_1,KingAyo50639606
Anthony_lisa_1,johnfolarinkay1
Anthony_lisa_1,HassanRUFAI4
Anthony_lisa_1,teslimah_
Anthony_lisa_1,3eyedpixel
Barbara86764611,FabrizioMusillo
Barbara86764611,Chiarapia11
Barbara86764611,merely_my
Barbara86764611,michelecarugi
Barbara86764611,VioletVioletta4
Barbara86764611,Marco_dalformai
Barbara86764611,giuseppegullon8
Barbara86764611,condaghe
Barbara86764611,Lucrezi97533276
Barbara86764611,akenatoth
Barbara86764611,ciencio_tpw
Barbara86764611,ungaro_c
Barbara86764611,GianpaoL0
Barbara86764611,ghiacciosottile
Barbara86764611,Nessuno10344903
Barbara86764611,MissMar16662447
Barbara86764611,SVassalini
Barbara86764611,domenic44750068
Barbara86764611,RobDallavalle
EleonoraZocca,northandsouthkr
EleonoraZocca,brunosaetta
EleonoraZocca,cristianodemajo
EleonoraZocca,KHS9NE
EleonoraZocca,NicoFuccaro
EleonoraZocca,LavoratoriT
EleonoraZocca,marcolillo
EleonoraZocca,ramzihizi
EleonoraZocca,stevemann
EleonoraZocca,PapillonRm
EleonoraZocca,Marrian92705811
EleonoraZocca,SMarasca
EleonoraZocca,Soothe888
EleonoraZocca,lara_brig
EleonoraZocca,citiz0
EleonoraZocca,Frances45360894
EleonoraZocca,AndreGalliano
EleonoraZocca,MatteoOlivier19
EleonoraZocca,cosimoamato_
FabManuelMulas,MichelaGenoves3
FabManuelMulas,LaLaLa16485406
FabManuelMulas,antocoppola60
FabManuelMulas,tommi_z
FabManuelMulas,Fabrizi64380023
FabManuelMulas,quilloenri
FabManuelMulas,GloriaGippy
FabManuelMulas,DaniGenna
FabManuelMulas,123Ciliegia
FabManuelMulas,Donchisciotte6
FabManuelMulas,PattyV11434094
FabManuelMulas,AlMaran83
FabManuelMulas,massimo_capponi
FabManuelMulas,Paolosantagata5
FabManuelMulas,SimoneFracassi
FabManuelMulas,31e8bfed4db14f5
FabManuelMulas,aurelioebasta
FabManuelMulas,MillyCo89150391
FabManuelMulas,versus5823
al_arthofer,BetheLove6
al_arthofer,halfpastcrazy21
al_arthofer,JustVoteBlueUSA
al_arthofer,gallee50
al_arthofer,Goose62562991
al_arthofer,quilback
al_arthofer,David_DDennison
al_arthofer,HopewellKat
al_arthofer,rave_joe
al_arthofer,9thmimitw
al_arthofer,Mulloverit
al_arthofer,ResisterFreya
al_arthofer,madi515
al_arthofer,hkpowell1
al_arthofer,robinstorm17
al_arthofer,mawesten321
al_arthofer,gauchiste8
al_arthofer,DorisMurdock
al_arthofer,SoCalresists
KatDevlon,MarieJo11808617
KatDevlon,Catalina2746
KatDevlon,JohnPlu19475695
KatDevlon,UmamuOrg
KatDevlon,papalia_chris
KatDevlon,kaj_amm
KatDevlon,Matt_Resists
KatDevlon,Beverle34324760
KatDevlon,LyonsRoar49
KatDevlon,lululluvshollis
KatDevlon,Pravduh15
KatDevlon,Shetiva2
KatDevlon,BohoCabana
KatDevlon,kbelle1213
KatDevlon,Browntigerdog
KatDevlon,OutOfThePast25
KatDevlon,SaintRobin911
KatDevlon,thedeadlydonald
KatDevlon,AnnieSandpiper
banter_peter,outnowm
banter_peter,alt_H20e
banter_peter,GennaroSenatore
banter_peter,akenatoth
banter_peter,umanitea
banter_peter,Blinky74
banter_peter,PPicerni
banter_peter,biondox
banter_peter,Melvinio21
banter_peter,Vatenerazzurro1
banter_peter,saradellamonaca
banter_peter,_happycactus_
banter_peter,GianniDeZuani
banter_peter,tizzide
banter_peter,NimaTavRood
banter_peter,Maancheno16
banter_peter,AlessioParodi6
banter_peter,pandadaria
banter_peter,corrini
AdrianoBattega2,MoniqueCamarra
AdrianoBattega2,akenatoth
AdrianoBattega2,cosimimiriglian
AdrianoBattega2,Strategy_Gal
AdrianoBattega2,TKopps73
AdrianoBattega2,Milton_Keynes1
AdrianoBattega2,berna_mas
AdrianoBattega2,GiuliaCortese1
AdrianoBattega2,Arturo_Governa
AdrianoBattega2,rperoni
AdrianoBattega2,AugustoMinzolin
AdrianoBattega2,Catheri44331084
AdrianoBattega2,arrow_michelle
AdrianoBattega2,ScanziFederico
AdrianoBattega2,johanna9271
AdrianoBattega2,Antoinn05804783
AdrianoBattega2,AlessandroKv
AdrianoBattega2,Mani26190764
AdrianoBattega2,talentdecisions
DelunePleine,LucaRossi369
DelunePleine,GilsonFranoise2
DelunePleine,thefloust
DelunePleine,BoumBaDaBoum_
DelunePleine,leira_enric
DelunePleine,v04096566
DelunePleine,farmasigras
DelunePleine,lunegarher
DelunePleine,EchoSonore
DelunePleine,boriccatherine3
DelunePleine,TheoParent5
DelunePleine,LINEMary4
DelunePleine,Tricot13euros
DelunePleine,Baba41093983
DelunePleine,huriyeozgur
DelunePleine,MignotJrme2
DelunePleine,GorlierMichele
DelunePleine,DavidHa70557375
DelunePleine,Leroy_Merlu
DelunePleine,nitrotard
DelunePleine,Mp97440
LucaRossi369,MartinaFan14
LucaRossi369,camypravettoni
LucaRossi369,MyWalkingDog_it
LucaRossi369,how2Bmario
LucaRossi369,_futrica
LucaRossi369,GrandeF22031352
LucaRossi369,ultimiribelli1
LucaRossi369,claudio_cicogni
LucaRossi369,marcotelecono
LucaRossi369,Andrerome10
LucaRossi369,Harley_outcall
LucaRossi369,1_rewards
LucaRossi369,enzapaolalove
LucaRossi369,Fester761
LucaRossi369,lauo02390862
LucaRossi369,stefanoblind
LucaRossi369,sultanm27689791
LucaRossi369,7a973935f29a47b
LucaRossi369,AlfredBirney
thefloust,RaphZerr
thefloust,DelunePleine
thefloust,DeuzaSK
thefloust,Awoiris_
thefloust,TaliyahTrump
thefloust,PBarety
thefloust,linsmtpp
thefloust,Midorya_07
thefloust,preziosanathan
thefloust,MnM_Lucas
thefloust,EyesTwitch
thefloust,harbal_mohamed
thefloust,LissymolV
thefloust,taissia11916492
thefloust,chiaraqlff
thefloust,CompteEvaaaaa
thefloust,quelafamilledlb
thefloust,tahiadzwsh
thefloust,emmavagabonde
BoumBaDaBoum_,Oracledor
BoumBaDaBoum_,ChrysalideLucie
BoumBaDaBoum_,DelunePleine
BoumBaDaBoum_,AMGHAR_2
BoumBaDaBoum_,XItkop
BoumBaDaBoum_,Plakari0
BoumBaDaBoum_,ctricot
BoumBaDaBoum_,saman9al
BoumBaDaBoum_,eliyyah__
BoumBaDaBoum_,citoyen12
BoumBaDaBoum_,SiskoDS9
BoumBaDaBoum_,Sewan_
BoumBaDaBoum_,Al_Muwahiida
BoumBaDaBoum_,portugues92230
BoumBaDaBoum_,OSGANCHOU
BoumBaDaBoum_,beurburry
BoumBaDaBoum_,16Avril06
BoumBaDaBoum_,sab_wsh
BoumBaDaBoum_,Marocadres
v04096566,Franco_Africain
v04096566,rochon_c
v04096566,DelunePleine
v04096566,MAMAD91121
v04096566,DrDonaldYoo1
v04096566,ob_conte
v04096566,JeanSimple2
v04096566,strategieduchoc
v04096566,MohamedTahiri_
v04096566,moukee
v04096566,donzel_michel
v04096566,KalmSane
v04096566,Flobga
v04096566,sylviefourcade
v04096566,LaurentZanetti
v04096566,TiniWest
v04096566,belgestousegaux
v04096566,clemence_and
v04096566,ParadisMireille
farmasigras,Carol_83145
farmasigras,DelunePleine
farmasigras,Sr_Mala_Hierva
farmasigras,cordobacoopera
farmasigras,EFarmaceutiko
farmasigras,Ascenbarabm
farmasigras,Helensandri
farmasigras,farma_info
farmasigras,FHOEMO
farmasigras,sanitlth
farmasigras,Larena_IPDGrupo
farmasigras,elweness
farmasigras,Anuska10779056
farmasigras,MikelArriolaP
farmasigras,LIGABalompieMx
farmasigras,lsiligardi
farmasigras,coflaspalmas
farmasigras,ProxParadaAPunt
farmasigras,FarmaAbello
lunegarher,waldoarte
lunegarher,DelunePleine
lunegarher,Vendetta_v
lunegarher,luisrmagallanes
lunegarher,Ruben84601323
lunegarher,DanSalahNasser
lunegarher,Tuitere_sinjeta
lunegarher,maromr
lunegarher,fogondpalo
lunegarher,ErikDav25099734
lunegarher,JEPvzla
lunegarher,galc_150779
lunegarher,Medtorek
lunegarher,smidvenezuela
lunegarher,Luchoverhooks
lunegarher,AlianzaporV
lunegarher,savmidvenezuela
lunegarher,abcastillo1
lunegarher,juanpa_soy
boriccatherine3,DelunePleine
boriccatherine3,Alexand16959850
boriccatherine3,Elmalukinho1
boriccatherine3,VeilleOvni
boriccatherine3,MrJumper02
boriccatherine3,Nova153
boriccatherine3,LesPendulesA
boriccatherine3,Denistheyoung
boriccatherine3,alice_bumblebee
boriccatherine3,thomas_pennec
boriccatherine3,fleursdebach81
boriccatherine3,AulasClaud
boriccatherine3,PatrickGalet
boriccatherine3,EdJardinLivres
boriccatherine3,metz_sylvain
boriccatherine3,detente_energie
boriccatherine3,lorittamorales1
boriccatherine3,LeChietMoi1
boriccatherine3,bounouader23
Leroy_Merlu,Martin56228579
Leroy_Merlu,scorpion496
Leroy_Merlu,kosmos_patriote
Leroy_Merlu,helena_baya
Leroy_Merlu,180Masseur51910
Leroy_Merlu,fcristian11
Leroy_Merlu,voyageursbrazil
Leroy_Merlu,PhilippeBUERCH
Leroy_Merlu,mmjl
Leroy_Merlu,ColBc92
Leroy_Merlu,stefappriou
Leroy_Merlu,navanijo
Leroy_Merlu,laffont9
Leroy_Merlu,monica280225
Leroy_Merlu,PhilippeLoheac
Leroy_Merlu,claudus
Leroy_Merlu,otta_daniel
Leroy_Merlu,Ducos25322733
Leroy_Merlu,D_D65
nitrotard,PaulLatour_
nitrotard,GauloisRfract12
nitrotard,alainafigaro
nitrotard,Nobody19639807
nitrotard,LSJ79086294
nitrotard,TOXIC9354020574
nitrotard,FrancFranssais
nitrotard,JohnTChance5
nitrotard,ChilivinTrac
nitrotard,CHRISSDERINCK
nitrotard,Marine_Trump1
nitrotard,kill_Bill_0
nitrotard,aquitaine_l
nitrotard,Gwnd77
nitrotard,EU_Policies
nitrotard,EmmanuelGOOD3
nitrotard,RDarsouf
nitrotard,no_a_blanc
nitrotard,AquitaineEudesd
Mp97440,TidoWax
Mp97440,Ynot341
Mp97440,MonsieurFraises
Mp97440,julesag
Mp97440,v10_06
Mp97440,Otsar341
Mp97440,cityzenwalking
Mp97440,ChaudyNadege
Mp97440,ThomasJeanAim1
Mp97440,enza06450476
Mp97440,barbimathou
Mp97440,Franck25953690
Mp97440,darkmoor02
Mp97440,hgndp
Mp97440,AlexandreTheveu
Mp97440,TrouveEric
Mp97440,AlainDormoy1
Mp97440,PtiteManue87
Mp97440,davidmg89646953
dettoSaba,VikyBorgomeo
dettoSaba,LucaRossi369
dettoSaba,EnricoChiello
dettoSaba,cosimimiriglian
VikyBorgomeo,PMiglietta
VikyBorgomeo,Beppelicastri
VikyBorgomeo,ANNAmnghl
VikyBorgomeo,Isabell90372400
VikyBorgomeo,Mary67049726
VikyBorgomeo,woodyheirz
VikyBorgomeo,ThamagicT
VikyBorgomeo,FRuysch
VikyBorgomeo,MinaNinaRina
VikyBorgomeo,Sicilia2022
VikyBorgomeo,GKatyaAlvarado1
VikyBorgomeo,MartinaFan14
VikyBorgomeo,TarekHa12388402
VikyBorgomeo,Incoron08026801
VikyBorgomeo,DavideN09485744
VikyBorgomeo,Eleny459
VikyBorgomeo,MattiaScamarde2
VikyBorgomeo,anna78570476
VikyBorgomeo,IlariaDellavo15
LucaRossi369,avv_cons
LucaRossi369,GiuseppeTammon4
LucaRossi369,maddalenaFranz3
LucaRossi369,MartinaFan14
LucaRossi369,camypravettoni
LucaRossi369,MyWalkingDog_it
LucaRossi369,how2Bmario
LucaRossi369,_futrica
LucaRossi369,GrandeF22031352
LucaRossi369,ultimiribelli1
LucaRossi369,claudio_cicogni
LucaRossi369,marcotelecono
LucaRossi369,Andrerome10
LucaRossi369,Harley_outcall
LucaRossi369,1_rewards
LucaRossi369,enzapaolalove
LucaRossi369,Fester761
LucaRossi369,lauo02390862
LucaRossi369,stefanoblind
cosimimiriglian,GiuseppeTammon4
cosimimiriglian,RicciLuigi6
cosimimiriglian,MyWalkingDog_it
cosimimiriglian,elena_patuzzo
cosimimiriglian,GrandeF22031352
cosimimiriglian,EneaVannucci
cosimimiriglian,Benedet03089511
cosimimiriglian,Mich81414588
cosimimiriglian,Studio_Enjoy
cosimimiriglian,nancysperandeo
cosimimiriglian,Isabell95170066
cosimimiriglian,giampy93441760
cosimimiriglian,CommissoGiulia
cosimimiriglian,michiamanoMimma
cosimimiriglian,RobertaRuocco4
cosimimiriglian,la_Garau
cosimimiriglian,LvcaVenneri
cosimimiriglian,ElisaBastianel7
cosimimiriglian,Tony90880118
MarinaSapere,VikyBorgomeo
MarinaSapere,LucaRossi369
MarinaSapere,radiotribunale
VikyBorgomeo,PMiglietta
VikyBorgomeo,Beppelicastri
VikyBorgomeo,ANNAmnghl
VikyBorgomeo,Isabell90372400
VikyBorgomeo,Mary67049726
VikyBorgomeo,woodyheirz
VikyBorgomeo,ThamagicT
VikyBorgomeo,FRuysch
VikyBorgomeo,MinaNinaRina
VikyBorgomeo,Sicilia2022
VikyBorgomeo,GKatyaAlvarado1
VikyBorgomeo,MartinaFan14
VikyBorgomeo,TarekHa12388402
VikyBorgomeo,Incoron08026801
VikyBorgomeo,DavideN09485744
VikyBorgomeo,Eleny459
VikyBorgomeo,MattiaScamarde2
VikyBorgomeo,anna78570476
VikyBorgomeo,IlariaDellavo15
LucaRossi369,avv_cons
LucaRossi369,GiuseppeTammon4
LucaRossi369,maddalenaFranz3
LucaRossi369,MartinaFan14
LucaRossi369,camypravettoni
LucaRossi369,MyWalkingDog_it
LucaRossi369,how2Bmario
LucaRossi369,_futrica
LucaRossi369,GrandeF22031352
LucaRossi369,ultimiribelli1
LucaRossi369,claudio_cicogni
LucaRossi369,marcotelecono
LucaRossi369,Andrerome10
LucaRossi369,Harley_outcall
LucaRossi369,1_rewards
LucaRossi369,enzapaolalove
LucaRossi369,Fester761
LucaRossi369,lauo02390862
LucaRossi369,stefanoblind
radiotribunale,domenicosannino
radiotribunale,inviss__
radiotribunale,rosalinamastro1
radiotribunale,MarinaSapere
radiotribunale,MarioRoccaforte
radiotribunale,valentinogatti4
radiotribunale,brunodegiuli
radiotribunale,fulviotancredi
radiotribunale,giorgio_faccio
radiotribunale,AldoM78
radiotribunale,a_barbariol
radiotribunale,Nicol81193558
radiotribunale,GrassoValter
radiotribunale,Under_A_Sky
radiotribunale,marcuspauli67
radiotribunale,BadeshaYadi
radiotribunale,Daniela09670368
radiotribunale,PaolinoNapolita
radiotribunale,MazzaLau
LovePeaksIT,dilettadibart
LovePeaksIT,AryBerna
dilettadibart,AndreaSimbula
dilettadibart,LovePeaksIT
dilettadibart,tipo6969
dilettadibart,Vassauxambroi12
dilettadibart,parabello1
dilettadibart,valesuzu
dilettadibart,mohsen_ghribi
dilettadibart,pstefano2009
dilettadibart,Michele73826174
dilettadibart,antoniotuttapos
dilettadibart,Simone87328315
dilettadibart,Raju25197681
dilettadibart,DouMan19121127
dilettadibart,NackaSkoglund89
dilettadibart,andyflor004
dilettadibart,anastasiiaaropp
dilettadibart,MartyMa58540051
dilettadibart,rc_hub_
dilettadibart,Carmine19497110
veromarelli_,cadiamofelici
veromarelli_,94Chiaretta
veromarelli_,_giulsz
veromarelli_,_fairyworld_
veromarelli_,lodischronicles
veromarelli_,DiCaprioleoup
veromarelli_,LDicapriop
veromarelli_,sfigat_a
veromarelli_,lorprez
veromarelli_,iamserena30
veromarelli_,FraaaGG
veromarelli_,megs1873
veromarelli_,ariamarelli
veromarelli_,formulemma
94Chiaretta,veromarelli_
94Chiaretta,Maggico7
94Chiaretta,MadrldBrasil
94Chiaretta,tilltheend_95
94Chiaretta,Cristiano112232
94Chiaretta,Jvecchiosignore
94Chiaretta,perninho88
94Chiaretta,LorenzoPuliga
94Chiaretta,marcofaimali
94Chiaretta,salemalmansor
94Chiaretta,MIBL21
94Chiaretta,gigginoopuzzuso
94Chiaretta,alessiacuffia
94Chiaretta,IlSolitario70
94Chiaretta,Sammax883B
94Chiaretta,AngeloMonti86
94Chiaretta,RicPiErnest
94Chiaretta,Marco_hub
94Chiaretta,Juveprimoamore3
_giulsz,veromarelli_
_giulsz,hvkken
_giulsz,thisaintnat
_giulsz,mmanidaneonato
_giulsz,AntonioLaBruna4
_giulsz,acciomielandia
_giulsz,sxovenir
_giulsz,SaveSpinningOu
_giulsz,foooolsgold_
_giulsz,sheeranvoiice
_giulsz,itsarasdiary
_giulsz,margheritaj5
_giulsz,fraauri99
_giulsz,flaviif1
_giulsz,carmenardito95
_giulsz,puparulepatan
_giulsz,mipiacescofield
_giulsz,tiprvmetto
_giulsz,xdemislaughx
lodischronicles,veromarelli_
lodischronicles,albicozza
lodischronicles,TODOROKlSHINATA
lodischronicles,Haushinka86
lodischronicles,digitalepurpur
lodischronicles,coiboibaeboi
lodischronicles,giumancu_
lodischronicles,ilgufoEU
lodischronicles,manuiglie
lodischronicles,SalvoLeandro
lodischronicles,martacilla
lodischronicles,_michelepacillo
lodischronicles,LeoMarze
lodischronicles,nandocorse
lodischronicles,kohalia_
lodischronicles,antymustdie
lodischronicles,sophiespurring
lodischronicles,yellowdalias
lodischronicles,DrawingSerenity
lorprez,veromarelli_
lorprez,codiii__
lorprez,SportsLoverFro1
lorprez,smolcecef1
lorprez,MeHumanBeing1
lorprez,pheeebs4
lorprez,justchillinucaz
lorprez,elnrmrsgl
lorprez,michinthesk
lorprez,EFerrarialways
lorprez,blizniaksergey
lorprez,itsspeedyxf1
lorprez,itsale44
lorprez,formulafreya
lorprez,2getherthrulife
lorprez,itsbeashere
lorprez,f1motogpreal
lorprez,annikahermine
lorprez,sxvettel
megs1873,veromarelli_
megs1873,F1sssongever
megs1873,cousinmilla
megs1873,borntolovef1
megs1873,Lucia57478889
megs1873,blxeemxtixn
megs1873,bandarfize524
megs1873,Flying_Lap_Blog
megs1873,vettelsunshine
megs1873,daily_landomaxx
megs1873,f1sector
megs1873,Imthebestfan44
megs1873,MeHumanBeing1
megs1873,sere_artx
megs1873,Karoline_0509
megs1873,nAtAdAlLaTeMpEs
megs1873,FanpageLeclerc
megs1873,Coldwhiskeyold1
megs1873,lightsmeetfabio
ariamarelli,t0osieslide
ariamarelli,veromarelli_
ariamarelli,bandarfize782
ariamarelli,bandarfize654
ariamarelli,lorenzobertonii
ariamarelli,andreapantee
ariamarelli,Race_Notes
ariamarelli,dantesayshitome
ariamarelli,feeorenzaa
ariamarelli,giovylid79
ariamarelli,didizava
ariamarelli,misalvichipu0
ariamarelli,AnnaDanielli3
ariamarelli,JontripJohn
ariamarelli,MeHumanBeing1
ariamarelli,Landos_Leclerc
ariamarelli,SebAstonVettel5
ariamarelli,sebprotectionn
ariamarelli,blizniaksergey
londonmums,KindredSquared
londonmums,lizonwight
londonmums,MazOpal
londonmums,PeterWemberley
londonmums,BarryLaws5
londonmums,pryriggfarm
londonmums,helenog
londonmums,karriecourtney
londonmums,Ritapainter7
londonmums,Tom_Likes_Games
londonmums,angiejackson819
londonmums,JDa7744
londonmums,baaaf459
londonmums,caseyandkaramum
londonmums,Openaire_Cinema
londonmums,virtualsantaelf
londonmums,childsafevpn
londonmums,Lisapink1990
londonmums,victoriouspanc2
KindredSquared,JuneOSullivan
KindredSquared,daveclark123
KindredSquared,londonmums
KindredSquared,roxanephilson
KindredSquared,pricemj1
KindredSquared,LindaEarlyYears
KindredSquared,TISUK_
KindredSquared,CELCIStweets
KindredSquared,PeepleCentre
KindredSquared,DrBecLang
KindredSquared,RachaelSScales
KindredSquared,GuardCaroline
KindredSquared,MrsRWilkes
KindredSquared,Ded_Engelbrecht
KindredSquared,vlloydrichards
KindredSquared,sebkraemer
KindredSquared,Kayte_Lawton
KindredSquared,eriksonmath
KindredSquared,discottomusic
lizonwight,WhiteHeron1876
lizonwight,luckymummyduck
lizonwight,about_wins
lizonwight,Konnie_Huq
lizonwight,Uls_training
lizonwight,O2music
lizonwight,everydayfoodsng
lizonwight,noyonmollick6
lizonwight,GifrtCard
lizonwight,GraysonsCandles
lizonwight,AngelaComping
lizonwight,northern_crime
lizonwight,freesamplescouk
lizonwight,KellyReader8
lizonwight,healthcareprior
lizonwight,HelenHoraceW1
lizonwight,romimaf
lizonwight,Beccamurph14
lizonwight,EverycareES
MazOpal,AaronLe60994384
MazOpal,iTradZ
MazOpal,bigmunera
MazOpal,REEL_SHOOTERS
MazOpal,Wendy_Holden
MazOpal,KWHomestore
MazOpal,dgiveawayscouk
MazOpal,KenilworthBook
MazOpal,DoubledayUK
MazOpal,MillerJ82430530
MazOpal,PlaySupercombo
MazOpal,GardenSquareSC
MazOpal,MariaSw72327239
MazOpal,Glamour13024657
MazOpal,DahgMahn
MazOpal,O2music
MazOpal,food_motion
MazOpal,sgm_wall
MazOpal,more_pour
Ritapainter7,HugBoxUK
Ritapainter7,eliistender10
Ritapainter7,coconutsfood
Ritapainter7,StephenGemerman
Ritapainter7,MyPippeta
Ritapainter7,KIBTOY1
Ritapainter7,Lochlomonden
Ritapainter7,TimHayne1
Ritapainter7,TheTigerGin
Ritapainter7,AmandaP15406472
Ritapainter7,tru_bamboo
Ritapainter7,awoofguide
Ritapainter7,TastyTwestyFood
Ritapainter7,LearnWithMochi
Ritapainter7,TheBrickCastle
Ritapainter7,warrenshute
Ritapainter7,jlinkclothing
Ritapainter7,lochavenint
Ritapainter7,Hannahmarie251
angiejackson819,BeerByDesignUK1
angiejackson819,DeniseBurchfie4
angiejackson819,MDkashifRoy2
angiejackson819,FofanaI91687319
angiejackson819,COYS_com
angiejackson819,SpanielTitties
angiejackson819,PaperBalloonTC
angiejackson819,Mave80322745
angiejackson819,Get_Playful
angiejackson819,BlancaQstyle
angiejackson819,BaseAce3D
angiejackson819,PennineFootball
angiejackson819,cloudzabovevape
angiejackson819,kezzie_xxx
angiejackson819,premiconcards
angiejackson819,Ann_OmaghOnline
angiejackson819,LilYellowDigger
angiejackson819,v_trailers
angiejackson819,WendyJBlackett
baaaf459,the2dcat
baaaf459,Brendabradblue
baaaf459,FunSizedMrsW
baaaf459,famara23979076
baaaf459,amazonfinding
baaaf459,Michael27913984
baaaf459,fazonfashion
baaaf459,dimaabdou2
baaaf459,LMWatchCompany
baaaf459,lovebug_rita
baaaf459,CatalystStore
baaaf459,gandtealtd
baaaf459,sortitoutsi
baaaf459,The_Bottle_Bin
baaaf459,Amazon_Freebiee
baaaf459,GeminiChocolat8
baaaf459,food_motion
baaaf459,UKOffers1
baaaf459,07_Ejaz
caseyandkaramum,DeadstockUtopia
caseyandkaramum,couponit
caseyandkaramum,Jojoandmycrazy1
caseyandkaramum,TheGarmentDeals
caseyandkaramum,dgiveawayscouk
caseyandkaramum,GiftCardClub1
caseyandkaramum,Micheal20413392
caseyandkaramum,CatalystStore
caseyandkaramum,vegbox7
caseyandkaramum,gojim_goko
caseyandkaramum,Irenegilmour
caseyandkaramum,RobertJ42467211
caseyandkaramum,Kirsty83640008
caseyandkaramum,crown_paving
caseyandkaramum,BeckerJones4
caseyandkaramum,MarieRe44622719
caseyandkaramum,kdsinquarantine
caseyandkaramum,michobryan232
caseyandkaramum,michell08196881
virtualsantaelf,thelionslair
virtualsantaelf,TreasuresOwl
virtualsantaelf,BarrowfordSch
virtualsantaelf,BriteAisle
virtualsantaelf,BarrowfordHead
virtualsantaelf,RileySocial
virtualsantaelf,DariusRockz
virtualsantaelf,NE0GRIT
virtualsantaelf,TheOldStocksInn
virtualsantaelf,EztettemCom
virtualsantaelf,NaturallyBloom1
virtualsantaelf,LBeckettbooks
virtualsantaelf,yellowlids
virtualsantaelf,findinghandmad1
virtualsantaelf,codymakesmovies
virtualsantaelf,NomadSprtJewlry
virtualsantaelf,SmallBizXmas
virtualsantaelf,GiftsLottys
virtualsantaelf,shreeve_jo
childsafevpn,linda_whitworth
childsafevpn,isms_online
childsafevpn,e_scented
childsafevpn,babyhamperz
childsafevpn,StammerCourse
childsafevpn,CelebsForBiz
childsafevpn,WhatsNewRae
childsafevpn,BrightBlueTrain
childsafevpn,theswandoctor
childsafevpn,PrettyLittlecr2
childsafevpn,MemberManagerSW
childsafevpn,YourNorth_
childsafevpn,DivineBox1
childsafevpn,ADG_IQ
childsafevpn,FemaleMoneyDoc
childsafevpn,BulleyJulian
childsafevpn,haretoorganise1
childsafevpn,ThePerfectTouc4
childsafevpn,MollyGDesigns
victoriouspanc2,BPost111
victoriouspanc2,Samy_des
victoriouspanc2,AntoineStonks
victoriouspanc2,C2CXExchange
victoriouspanc2,NakedCannabis
victoriouspanc2,quinxlol
victoriouspanc2,SunTzillaTV
victoriouspanc2,WorldviewInter1
victoriouspanc2,ImperiumSF
victoriouspanc2,BuyMutCoinsMUT
victoriouspanc2,DeadstockUtopia
victoriouspanc2,Sun28Golden
victoriouspanc2,CedricLASS
victoriouspanc2,BitGuardian
victoriouspanc2,CrptoPredators
victoriouspanc2,WhiskeyList
victoriouspanc2,FUT_Work
victoriouspanc2,gerald_black1
victoriouspanc2,yunzaoyu
